k,accuracy,throughput,generated_tokens,target_forward_times,draft_accepted_tokens,draft_generated_tokens,accept_rate_pct,edge_cloud_data_bytes,bytes_per_round,edge_cloud_comm_time,communication_time,connect_times_edge_cloud,avg_top_k,wall_time
1,0.175,18.175470424807372,4875,1355,3612,8932,40.44,236776.0,174.7,,68.39806443140382,1355,0.0,268.2186422721802
2,0.25,19.529243654961515,4874,1227,3779,9034,41.83,236322.0,192.6,,61.95732638408484,1227,0.0,249.5744375006419
4,0.15,20.271613948908318,5054,1207,3992,9476,42.13,244486.0,202.6,,60.95414859558551,1207,0.0,249.3141400945124
8,0.15,21.361780381465255,5026,1131,4005,9081,44.1,245138.0,216.7,,57.13052693171707,1131,0.0,235.2800145984487
16,0.2,21.077623977866622,4996,1147,3954,8981,44.03,260226.0,226.9,,57.93939633557805,1147,0.0,237.0286141002536
32,0.15,21.62665933199688,4955,1105,3948,8747,45.14,284940.0,257.9,,55.833602679620185,1105,0.0,229.11536747004763
64,0.275,21.24105077217972,5056,1160,4080,8824,46.24,348266.0,300.2,,58.61851113159441,1160,0.0,238.02965560545866
128,0.2,21.548828239853876,5044,1121,4082,9064,45.04,465002.0,414.8,,56.68987904730283,1121,0.0,234.07305231897863
256,0.2,21.250785588112947,5044,1121,4082,9064,45.04,700266.0,624.7,,56.75594740801117,1121,0.0,237.3559311059758
512,0.2,21.570453898573355,5044,1121,4082,9064,45.04,1170794.0,1044.4,,56.888084129427824,1121,0.0,233.83838020829057
1024,0.2,21.545921584419744,5044,1121,4082,9064,45.04,2111850.0,1883.9,,57.152357572261124,1121,0.0,234.10462997542004
